{
    "root_group": {
        "id": "d41d8cd98f00b204e9800998ecf8427e",
        "groups": {},
        "checks": {
                "status is 200": {
                    "name": "status is 200",
                    "path": "::status is 200",
                    "id": "6210a8cd14cd70477eba5c5e4cb3fb5f",
                    "passes": 55603,
                    "fails": 0
                },
                "has resourceType": {
                    "id": "bd17397e2222b64cc65f0342d0ff7195",
                    "passes": 55603,
                    "fails": 0,
                    "name": "has resourceType",
                    "path": "::has resourceType"
                }
            },
        "name": "",
        "path": ""
    },
    "metrics": {
        "iterations": {
            "count": 55603,
            "rate": 3701.6544903672634
        },
        "http_req_duration": {
            "avg": 21.56177346546048,
            "min": 3.49,
            "med": 21.21,
            "p(95)": 22.915899999999997,
            "p(99)": 29.306699999999992,
            "max": 80.448
        },
        "data_sent": {
            "count": 5226682,
            "rate": 347955.5220945228
        },
        "http_req_sending": {
            "p(95)": 0.007,
            "p(99)": 0.012,
            "max": 1.909,
            "avg": 0.0036832185313723257,
            "min": 0.001,
            "med": 0.003
        },
        "data_received": {
            "count": 16105828,
            "rate": 1072212.1205201661
        },
        "http_req_tls_handshaking": {
            "min": 0,
            "med": 0,
            "p(95)": 0,
            "p(99)": 0,
            "max": 0,
            "avg": 0
        },
        "vus": {
            "value": 80,
            "min": 80,
            "max": 80
        },
        "http_req_waiting": {
            "p(95)": 22.890899999999995,
            "p(99)": 29.263859999999998,
            "max": 80.33,
            "avg": 21.537941909609316,
            "min": 2.96,
            "med": 21.187
        },
        "http_req_duration{expected_response:true}": {
            "avg": 21.56177346546048,
            "min": 3.49,
            "med": 21.21,
            "p(95)": 22.915899999999997,
            "p(99)": 29.306699999999992,
            "max": 80.448
        },
        "vus_max": {
            "value": 80,
            "min": 80,
            "max": 80
        },
        "http_req_connecting": {
            "med": 0,
            "p(95)": 0,
            "p(99)": 0,
            "max": 2.241,
            "avg": 0.0025183892955416075,
            "min": 0
        },
        "http_req_receiving": {
            "min": 0.006,
            "med": 0.019,
            "p(95)": 0.031,
            "p(99)": 0.055,
            "max": 5.325,
            "avg": 0.020148337319926535
        },
        "checks": {
            "passes": 111206,
            "fails": 0,
            "value": 1
        },
        "iteration_duration": {
            "avg": 21.592923364926346,
            "min": 3.52675,
            "med": 21.239083,
            "p(95)": 22.9529128,
            "p(99)": 29.349861339999997,
            "max": 80.53875
        },
        "http_req_blocked": {
            "avg": 0.0035393234178048355,
            "min": 0,
            "med": 0.001,
            "p(95)": 0.002,
            "p(99)": 0.003,
            "max": 3.394
        },
        "http_req_failed": {
            "fails": 55603,
            "passes": 0,
            "value": 0
        },
        "http_reqs": {
            "count": 55603,
            "rate": 3701.6544903672634
        }
    }
}