{
    "root_group": {
        "id": "d41d8cd98f00b204e9800998ecf8427e",
        "groups": {},
        "checks": {
                "status is 200": {
                    "id": "6210a8cd14cd70477eba5c5e4cb3fb5f",
                    "passes": 55116,
                    "fails": 0,
                    "name": "status is 200",
                    "path": "::status is 200"
                },
                "has resourceType": {
                    "fails": 0,
                    "name": "has resourceType",
                    "path": "::has resourceType",
                    "id": "bd17397e2222b64cc65f0342d0ff7195",
                    "passes": 55116
                }
            },
        "name": "",
        "path": ""
    },
    "metrics": {
        "http_req_receiving": {
            "max": 0.766,
            "avg": 0.021584548951302115,
            "min": 0.006,
            "med": 0.019,
            "p(95)": 0.038,
            "p(99)": 0.072
        },
        "http_req_waiting": {
            "p(95)": 3.12,
            "p(99)": 3.5398499999999995,
            "max": 11.673,
            "avg": 2.666881958052153,
            "min": 1.815,
            "med": 2.574
        },
        "http_req_duration{expected_response:true}": {
            "p(99)": 3.569,
            "max": 11.702,
            "avg": 2.691950050801936,
            "min": 1.976,
            "med": 2.599,
            "p(95)": 3.1452499999999977
        },
        "iteration_duration": {
            "avg": 2.7187531968575467,
            "min": 2.049125,
            "med": 2.624417,
            "p(95)": 3.17741625,
            "p(99)": 3.6063456499999997,
            "max": 11.732334
        },
        "http_req_duration": {
            "avg": 2.691950050801936,
            "min": 1.976,
            "med": 2.599,
            "p(95)": 3.1452499999999977,
            "p(99)": 3.569,
            "max": 11.702
        },
        "http_req_blocked": {
            "p(95)": 0.002,
            "p(99)": 0.004,
            "max": 1.057,
            "avg": 0.0010596559982576155,
            "min": 0,
            "med": 0.001
        },
        "data_sent": {
            "count": 5180904,
            "rate": 345329.09252551623
        },
        "data_received": {
            "count": 15964962,
            "rate": 1064132.020138638
        },
        "iterations": {
            "rate": 3673.713750271449,
            "count": 55116
        },
        "http_reqs": {
            "count": 55116,
            "rate": 3673.713750271449
        },
        "http_req_sending": {
            "avg": 0.003483543798532759,
            "min": 0.001,
            "med": 0.003,
            "p(95)": 0.007,
            "p(99)": 0.015,
            "max": 0.239
        },
        "http_req_failed": {
            "passes": 0,
            "fails": 55116,
            "value": 0
        },
        "http_req_connecting": {
            "avg": 0.00010906088975977938,
            "min": 0,
            "med": 0,
            "p(95)": 0,
            "p(99)": 0,
            "max": 0.939
        },
        "http_req_tls_handshaking": {
            "min": 0,
            "med": 0,
            "p(95)": 0,
            "p(99)": 0,
            "max": 0,
            "avg": 0
        },
        "checks": {
            "passes": 110232,
            "fails": 0,
            "value": 1
        },
        "vus_max": {
            "value": 10,
            "min": 10,
            "max": 10
        },
        "vus": {
            "value": 10,
            "min": 10,
            "max": 10
        }
    }
}