{
    "root_group": {
        "id": "d41d8cd98f00b204e9800998ecf8427e",
        "groups": {},
        "checks": {
                "status is 200": {
                    "name": "status is 200",
                    "path": "::status is 200",
                    "id": "6210a8cd14cd70477eba5c5e4cb3fb5f",
                    "passes": 56302,
                    "fails": 0
                },
                "has resourceType": {
                    "fails": 0,
                    "name": "has resourceType",
                    "path": "::has resourceType",
                    "id": "bd17397e2222b64cc65f0342d0ff7195",
                    "passes": 56302
                }
            },
        "name": "",
        "path": ""
    },
    "metrics": {
        "http_req_waiting": {
            "med": 5.149,
            "p(95)": 5.957,
            "p(99)": 7.3949799999999986,
            "max": 13.665,
            "avg": 5.274612926716644,
            "min": 1.951
        },
        "http_req_failed": {
            "passes": 0,
            "fails": 56302,
            "value": 0
        },
        "http_req_tls_handshaking": {
            "avg": 0,
            "min": 0,
            "med": 0,
            "p(95)": 0,
            "p(99)": 0,
            "max": 0
        },
        "http_reqs": {
            "count": 56302,
            "rate": 3752.2451857838546
        },
        "iterations": {
            "count": 56302,
            "rate": 3752.2451857838546
        },
        "http_req_duration": {
            "p(95)": 5.987,
            "p(99)": 7.4229299999999965,
            "max": 13.734,
            "avg": 5.298782405598437,
            "min": 2.04,
            "med": 5.173
        },
        "data_sent": {
            "count": 5292388,
            "rate": 352711.0474636823
        },
        "data_received": {
            "count": 16308972,
            "rate": 1086910.9742475166
        },
        "http_req_sending": {
            "p(95)": 0.007,
            "p(99)": 0.015,
            "max": 0.556,
            "avg": 0.0036548435224310243,
            "min": 0.001,
            "med": 0.003
        },
        "http_req_receiving": {
            "p(95)": 0.033,
            "p(99)": 0.06698999999999951,
            "max": 0.879,
            "avg": 0.02051463535931101,
            "min": 0.006,
            "med": 0.019
        },
        "http_req_blocked": {
            "p(99)": 0.004,
            "max": 0.95,
            "avg": 0.0011326063017291811,
            "min": 0,
            "med": 0.001,
            "p(95)": 0.002
        },
        "http_req_connecting": {
            "max": 0.859,
            "avg": 0.0001761216297822457,
            "min": 0,
            "med": 0,
            "p(95)": 0,
            "p(99)": 0
        },
        "vus_max": {
            "value": 20,
            "min": 20,
            "max": 20
        },
        "checks": {
            "passes": 112604,
            "fails": 0,
            "value": 1
        },
        "iteration_duration": {
            "med": 5.198646,
            "p(95)": 6.018440249999999,
            "p(99)": 7.488327589999993,
            "max": 13.787167,
            "avg": 5.326116024652746,
            "min": 2.883
        },
        "http_req_duration{expected_response:true}": {
            "avg": 5.298782405598437,
            "min": 2.04,
            "med": 5.173,
            "p(95)": 5.987,
            "p(99)": 7.4229299999999965,
            "max": 13.734
        },
        "vus": {
            "value": 20,
            "min": 20,
            "max": 20
        }
    }
}