{
    "metrics": {
        "data_sent": {
            "count": 5113224,
            "rate": 340848.6967391414
        },
        "http_req_receiving": {
            "avg": 0.030777538789613472,
            "min": 0.006,
            "med": 0.033,
            "p(95)": 0.05,
            "p(99)": 0.08,
            "max": 0.434
        },
        "http_reqs": {
            "count": 54396,
            "rate": 3626.0499653100155
        },
        "iterations": {
            "count": 54396,
            "rate": 3626.0499653100155
        },
        "data_received": {
            "count": 15757040,
            "rate": 1050367.9378150697
        },
        "http_req_waiting": {
            "med": 1.268,
            "p(95)": 1.645,
            "p(99)": 1.8360499999999995,
            "max": 3.477,
            "avg": 1.31767308257962,
            "min": 0.596
        },
        "vus": {
            "min": 5,
            "max": 5,
            "value": 5
        },
        "http_req_connecting": {
            "avg": 0.000057026251930289,
            "min": 0,
            "med": 0,
            "p(95)": 0,
            "p(99)": 0,
            "max": 0.643
        },
        "checks": {
            "passes": 108792,
            "fails": 0,
            "value": 1
        },
        "http_req_blocked": {
            "avg": 0.0009918927862338047,
            "min": 0,
            "med": 0.001,
            "p(95)": 0.002,
            "p(99)": 0.003049999999999517,
            "max": 1.065
        },
        "http_req_duration": {
            "med": 1.301,
            "p(95)": 1.6782499999999976,
            "p(99)": 1.8680499999999995,
            "max": 3.803,
            "avg": 1.3514059673505252,
            "min": 0.615
        },
        "http_req_sending": {
            "med": 0.002,
            "p(95)": 0.006,
            "p(99)": 0.013,
            "max": 0.31,
            "avg": 0.0029553459813219693,
            "min": 0.001
        },
        "vus_max": {
            "value": 5,
            "min": 5,
            "max": 5
        },
        "http_req_failed": {
            "passes": 0,
            "fails": 54396,
            "value": 0
        },
        "iteration_duration": {
            "avg": 1.3762017893227343,
            "min": 0.820542,
            "med": 1.323959,
            "p(95)": 1.706208,
            "p(99)": 1.90120805,
            "max": 5.442417
        },
        "http_req_duration{expected_response:true}": {
            "min": 0.615,
            "med": 1.301,
            "p(95)": 1.6782499999999976,
            "p(99)": 1.8680499999999995,
            "max": 3.803,
            "avg": 1.3514059673505252
        },
        "http_req_tls_handshaking": {
            "med": 0,
            "p(95)": 0,
            "p(99)": 0,
            "max": 0,
            "avg": 0,
            "min": 0
        }
    },
    "root_group": {
        "name": "",
        "path": "",
        "id": "d41d8cd98f00b204e9800998ecf8427e",
        "groups": {},
        "checks": {
                "status is 200": {
                    "name": "status is 200",
                    "path": "::status is 200",
                    "id": "6210a8cd14cd70477eba5c5e4cb3fb5f",
                    "passes": 54396,
                    "fails": 0
                },
                "has resourceType": {
                    "id": "bd17397e2222b64cc65f0342d0ff7195",
                    "passes": 54396,
                    "fails": 0,
                    "name": "has resourceType",
                    "path": "::has resourceType"
                }
            }
    }
}