{
    "metrics": {
        "vus": {
            "min": 10,
            "max": 10,
            "value": 10
        },
        "http_req_duration{expected_response:true}": {
            "avg": 2.741965603432665,
            "min": 1.668,
            "med": 2.594,
            "p(95)": 3.405,
            "p(99)": 4.014,
            "max": 7.663
        },
        "data_received": {
            "count": 20860397,
            "rate": 1042879.3741483021
        },
        "iteration_duration": {
            "p(99)": 4.06065112,
            "max": 12.012958,
            "avg": 2.7739021348506654,
            "min": 1.743417,
            "med": 2.625792,
            "p(95)": 3.4407914
        },
        "http_req_duration": {
            "avg": 2.741965603432665,
            "min": 1.668,
            "med": 2.594,
            "p(95)": 3.405,
            "p(99)": 4.014,
            "max": 7.663
        },
        "http_req_failed": {
            "passes": 0,
            "fails": 72013,
            "value": 0
        },
        "http_req_tls_handshaking": {
            "p(95)": 0,
            "p(99)": 0,
            "max": 0,
            "avg": 0,
            "min": 0,
            "med": 0
        },
        "iterations": {
            "rate": 3600.1650577667183,
            "count": 72013
        },
        "checks": {
            "passes": 144026,
            "fails": 0,
            "value": 1
        },
        "http_req_connecting": {
            "p(95)": 0,
            "p(99)": 0,
            "max": 0.861,
            "avg": 0.00011589574104675545,
            "min": 0,
            "med": 0
        },
        "http_req_blocked": {
            "p(95)": 0.002,
            "p(99)": 0.004,
            "max": 1.844,
            "avg": 0.0013085831724836236,
            "min": 0,
            "med": 0.001
        },
        "http_reqs": {
            "count": 72013,
            "rate": 3600.1650577667183
        },
        "http_req_sending": {
            "avg": 0.004374862871979359,
            "min": 0.001,
            "med": 0.003,
            "p(95)": 0.008,
            "p(99)": 0.019,
            "max": 2.023
        },
        "http_req_receiving": {
            "avg": 0.02303731270742652,
            "min": 0.006,
            "med": 0.02,
            "p(95)": 0.044,
            "p(99)": 0.077,
            "max": 0.52
        },
        "vus_max": {
            "max": 10,
            "value": 10,
            "min": 10
        },
        "http_req_waiting": {
            "min": 1.579,
            "med": 2.565,
            "p(95)": 3.376,
            "p(99)": 3.973759999999999,
            "max": 7.631,
            "avg": 2.7145534278533385
        },
        "data_sent": {
            "count": 6769222,
            "rate": 338415.51543007157
        }
    },
    "root_group": {
        "name": "",
        "path": "",
        "id": "d41d8cd98f00b204e9800998ecf8427e",
        "groups": {},
        "checks": {
                "status is 200": {
                    "name": "status is 200",
                    "path": "::status is 200",
                    "id": "6210a8cd14cd70477eba5c5e4cb3fb5f",
                    "passes": 72013,
                    "fails": 0
                },
                "has resourceType": {
                    "name": "has resourceType",
                    "path": "::has resourceType",
                    "id": "bd17397e2222b64cc65f0342d0ff7195",
                    "passes": 72013,
                    "fails": 0
                }
            }
    }
}