{
    "root_group": {
        "groups": {},
        "checks": {
                "status is 200": {
                    "name": "status is 200",
                    "path": "::status is 200",
                    "id": "6210a8cd14cd70477eba5c5e4cb3fb5f",
                    "passes": 72959,
                    "fails": 0
                },
                "has resourceType": {
                    "name": "has resourceType",
                    "path": "::has resourceType",
                    "id": "bd17397e2222b64cc65f0342d0ff7195",
                    "passes": 72959,
                    "fails": 0
                }
            },
        "name": "",
        "path": "",
        "id": "d41d8cd98f00b204e9800998ecf8427e"
    },
    "metrics": {
        "iterations": {
            "rate": 3647.4791104468413,
            "count": 72959
        },
        "http_req_failed": {
            "passes": 0,
            "fails": 72959,
            "value": 0
        },
        "checks": {
            "passes": 145918,
            "fails": 0,
            "value": 1
        },
        "data_received": {
            "count": 21132549,
            "rate": 1056491.0570045407
        },
        "http_req_connecting": {
            "p(95)": 0,
            "p(99)": 0,
            "max": 0.552,
            "avg": 0.00006877835496648803,
            "min": 0,
            "med": 0
        },
        "http_req_waiting": {
            "max": 9.75,
            "avg": 2.681291177236536,
            "min": 1.334,
            "med": 2.536,
            "p(95)": 3.298,
            "p(99)": 3.7614199999999993
        },
        "http_req_duration": {
            "p(95)": 3.327,
            "p(99)": 3.7908399999999984,
            "max": 9.786,
            "avg": 2.7074855329705336,
            "min": 1.36,
            "med": 2.563
        },
        "http_req_duration{expected_response:true}": {
            "p(99)": 3.7908399999999984,
            "max": 9.786,
            "avg": 2.7074855329705336,
            "min": 1.36,
            "med": 2.563,
            "p(95)": 3.327
        },
        "iteration_duration": {
            "avg": 2.7379642513603586,
            "min": 1.446042,
            "med": 2.595042,
            "p(95)": 3.3625461,
            "p(99)": 3.83652872,
            "max": 9.833625
        },
        "vus_max": {
            "value": 10,
            "min": 10,
            "max": 10
        },
        "http_req_blocked": {
            "avg": 0.0011008922819667802,
            "min": 0,
            "med": 0.001,
            "p(95)": 0.002,
            "p(99)": 0.004,
            "max": 0.66
        },
        "http_req_tls_handshaking": {
            "avg": 0,
            "min": 0,
            "med": 0,
            "p(95)": 0,
            "p(99)": 0,
            "max": 0
        },
        "http_req_sending": {
            "max": 0.752,
            "avg": 0.0039825381378561005,
            "min": 0.001,
            "med": 0.003,
            "p(95)": 0.008,
            "p(99)": 0.018
        },
        "http_reqs": {
            "count": 72959,
            "rate": 3647.4791104468413
        },
        "http_req_receiving": {
            "max": 4.947,
            "avg": 0.02221181759618222,
            "min": 0.006,
            "med": 0.02,
            "p(95)": 0.039,
            "p(99)": 0.073
        },
        "data_sent": {
            "count": 6858146,
            "rate": 342863.0363820031
        },
        "vus": {
            "max": 10,
            "value": 10,
            "min": 10
        }
    }
}