{
    "metrics": {
        "vus_max": {
            "min": 40,
            "max": 40,
            "value": 40
        },
        "data_received": {
            "count": 21441449,
            "rate": 1071518.0465627084
        },
        "iteration_duration": {
            "avg": 10.806466676132837,
            "min": 3.901208,
            "med": 10.711979,
            "p(95)": 11.9408036,
            "p(99)": 13.42337581,
            "max": 20.321958
        },
        "http_reqs": {
            "count": 74018,
            "rate": 3698.9861445688002
        },
        "data_sent": {
            "count": 6957692,
            "rate": 347704.6975894672
        },
        "http_req_sending": {
            "avg": 0.004249993244884226,
            "min": 0.001,
            "med": 0.004,
            "p(95)": 0.008,
            "p(99)": 0.017,
            "max": 0.346
        },
        "checks": {
            "passes": 148036,
            "fails": 0,
            "value": 1
        },
        "http_req_failed": {
            "passes": 0,
            "fails": 74018,
            "value": 0
        },
        "http_req_duration{expected_response:true}": {
            "p(99)": 13.372829999999999,
            "max": 20.226,
            "avg": 10.772528911886182,
            "min": 2.766,
            "med": 10.6795,
            "p(95)": 11.902
        },
        "http_req_waiting": {
            "min": 2.63,
            "med": 10.654,
            "p(95)": 11.875,
            "p(99)": 13.343829999999999,
            "max": 20.173,
            "avg": 10.747063768272566
        },
        "vus": {
            "value": 40,
            "min": 40,
            "max": 40
        },
        "http_req_duration": {
            "med": 10.6795,
            "p(95)": 11.902,
            "p(99)": 13.372829999999999,
            "max": 20.226,
            "avg": 10.772528911886182,
            "min": 2.766
        },
        "http_req_tls_handshaking": {
            "max": 0,
            "avg": 0,
            "min": 0,
            "med": 0,
            "p(95)": 0,
            "p(99)": 0
        },
        "http_req_blocked": {
            "avg": 0.0014194250047296932,
            "min": 0,
            "med": 0.001,
            "p(95)": 0.002,
            "p(99)": 0.004,
            "max": 1.266
        },
        "http_req_receiving": {
            "avg": 0.021215150368827217,
            "min": 0.007,
            "med": 0.019,
            "p(95)": 0.038,
            "p(99)": 0.069,
            "max": 0.572
        },
        "http_req_connecting": {
            "p(95)": 0,
            "p(99)": 0,
            "max": 1.204,
            "avg": 0.000374692642330244,
            "min": 0,
            "med": 0
        },
        "iterations": {
            "count": 74018,
            "rate": 3698.9861445688002
        }
    },
    "root_group": {
        "groups": {},
        "checks": {
                "status is 200": {
                    "passes": 74018,
                    "fails": 0,
                    "name": "status is 200",
                    "path": "::status is 200",
                    "id": "6210a8cd14cd70477eba5c5e4cb3fb5f"
                },
                "has resourceType": {
                    "name": "has resourceType",
                    "path": "::has resourceType",
                    "id": "bd17397e2222b64cc65f0342d0ff7195",
                    "passes": 74018,
                    "fails": 0
                }
            },
        "name": "",
        "path": "",
        "id": "d41d8cd98f00b204e9800998ecf8427e"
    }
}