{
    "root_group": {
        "id": "d41d8cd98f00b204e9800998ecf8427e",
        "groups": {},
        "checks": {
                "status is 200": {
                    "name": "status is 200",
                    "path": "::status is 200",
                    "id": "6210a8cd14cd70477eba5c5e4cb3fb5f",
                    "passes": 74948,
                    "fails": 0
                },
                "has resourceType": {
                    "path": "::has resourceType",
                    "id": "bd17397e2222b64cc65f0342d0ff7195",
                    "passes": 74948,
                    "fails": 0,
                    "name": "has resourceType"
                }
            },
        "name": "",
        "path": ""
    },
    "metrics": {
        "http_req_sending": {
            "p(99)": 0.016,
            "max": 1.753,
            "avg": 0.0039048006617899756,
            "min": 0.001,
            "med": 0.003,
            "p(95)": 0.007
        },
        "vus": {
            "value": 40,
            "min": 40,
            "max": 40
        },
        "http_req_duration{expected_response:true}": {
            "p(95)": 11.622649999999997,
            "p(99)": 13.47453,
            "max": 45.788,
            "avg": 10.642536692106518,
            "min": 5.549,
            "med": 10.492
        },
        "http_req_connecting": {
            "min": 0,
            "med": 0,
            "p(95)": 0,
            "p(99)": 0,
            "max": 1.185,
            "avg": 0.00047622351497037956
        },
        "http_req_waiting": {
            "avg": 10.618029206916836,
            "min": 5.37,
            "med": 10.468,
            "p(95)": 11.597,
            "p(99)": 13.453529999999999,
            "max": 45.662
        },
        "http_reqs": {
            "count": 74948,
            "rate": 3745.4443162502703
        },
        "iterations": {
            "count": 74948,
            "rate": 3745.4443162502703
        },
        "http_req_receiving": {
            "min": 0.006,
            "med": 0.019,
            "p(95)": 0.034,
            "p(99)": 0.069,
            "max": 0.799,
            "avg": 0.020602684527934
        },
        "http_req_failed": {
            "passes": 0,
            "fails": 74948,
            "value": 0
        },
        "vus_max": {
            "value": 40,
            "min": 40,
            "max": 40
        },
        "http_req_tls_handshaking": {
            "max": 0,
            "avg": 0,
            "min": 0,
            "med": 0,
            "p(95)": 0,
            "p(99)": 0
        },
        "iteration_duration": {
            "p(95)": 11.6591523,
            "p(99)": 13.522947279999997,
            "max": 45.881291,
            "avg": 10.673363393392686,
            "min": 6.619167,
            "med": 10.521875
        },
        "http_req_blocked": {
            "p(99)": 0.004,
            "max": 1.261,
            "avg": 0.0014509126327603562,
            "min": 0,
            "med": 0.001,
            "p(95)": 0.002
        },
        "data_received": {
            "count": 21709934,
            "rate": 1084930.2036941412
        },
        "http_req_duration": {
            "min": 5.549,
            "med": 10.492,
            "p(95)": 11.622649999999997,
            "p(99)": 13.47453,
            "max": 45.788,
            "avg": 10.642536692106518
        },
        "data_sent": {
            "count": 7045112,
            "rate": 352071.7657275254
        },
        "checks": {
            "passes": 149896,
            "fails": 0,
            "value": 1
        }
    }
}