{
    "root_group": {
        "id": "d41d8cd98f00b204e9800998ecf8427e",
        "groups": {},
        "checks": {
                "status is 200": {
                    "path": "::status is 200",
                    "id": "6210a8cd14cd70477eba5c5e4cb3fb5f",
                    "passes": 75265,
                    "fails": 0,
                    "name": "status is 200"
                },
                "has resourceType": {
                    "name": "has resourceType",
                    "path": "::has resourceType",
                    "id": "bd17397e2222b64cc65f0342d0ff7195",
                    "passes": 75265,
                    "fails": 0
                }
            },
        "name": "",
        "path": ""
    },
    "metrics": {
        "http_req_duration": {
            "p(99)": 12.87272,
            "max": 32.426,
            "avg": 10.599207015212846,
            "min": 4.258,
            "med": 10.523,
            "p(95)": 11.392
        },
        "http_req_tls_handshaking": {
            "p(99)": 0,
            "max": 0,
            "avg": 0,
            "min": 0,
            "med": 0,
            "p(95)": 0
        },
        "http_req_blocked": {
            "avg": 0.0013697734670840844,
            "min": 0,
            "med": 0.001,
            "p(95)": 0.002,
            "p(99)": 0.004,
            "max": 1.388
        },
        "http_req_connecting": {
            "max": 1.251,
            "avg": 0.0004437919351624261,
            "min": 0,
            "med": 0,
            "p(95)": 0,
            "p(99)": 0
        },
        "http_req_sending": {
            "avg": 0.0037882946920855622,
            "min": 0.001,
            "med": 0.003,
            "p(95)": 0.007,
            "p(99)": 0.014,
            "max": 0.477
        },
        "data_received": {
            "rate": 1089456.6831736974,
            "count": 21801633
        },
        "http_req_receiving": {
            "avg": 0.020400850328835745,
            "min": 0.007,
            "med": 0.019,
            "p(95)": 0.033,
            "p(99)": 0.071,
            "max": 0.712
        },
        "vus_max": {
            "value": 40,
            "min": 40,
            "max": 40
        },
        "http_reqs": {
            "count": 75265,
            "rate": 3761.09244931645
        },
        "http_req_waiting": {
            "max": 32.403,
            "avg": 10.575017870192,
            "min": 4.09,
            "med": 10.499,
            "p(95)": 11.365,
            "p(99)": 12.847719999999999
        },
        "iteration_duration": {
            "p(99)": 12.94346,
            "max": 32.470917,
            "avg": 10.62877757935299,
            "min": 5.3405,
            "med": 10.551791,
            "p(95)": 11.4246
        },
        "data_sent": {
            "count": 7074910,
            "rate": 353542.69023574627
        },
        "vus": {
            "value": 40,
            "min": 40,
            "max": 40
        },
        "http_req_failed": {
            "passes": 0,
            "fails": 75265,
            "value": 0
        },
        "checks": {
            "passes": 150530,
            "fails": 0,
            "value": 1
        },
        "http_req_duration{expected_response:true}": {
            "avg": 10.599207015212846,
            "min": 4.258,
            "med": 10.523,
            "p(95)": 11.392,
            "p(99)": 12.87272,
            "max": 32.426
        },
        "iterations": {
            "rate": 3761.09244931645,
            "count": 75265
        }
    }
}