{
    "root_group": {
        "id": "d41d8cd98f00b204e9800998ecf8427e",
        "groups": {},
        "checks": {
                "status is 200": {
                    "name": "status is 200",
                    "path": "::status is 200",
                    "id": "6210a8cd14cd70477eba5c5e4cb3fb5f",
                    "passes": 72878,
                    "fails": 0
                },
                "has resourceType": {
                    "name": "has resourceType",
                    "path": "::has resourceType",
                    "id": "bd17397e2222b64cc65f0342d0ff7195",
                    "passes": 72878,
                    "fails": 0
                }
            },
        "name": "",
        "path": ""
    },
    "metrics": {
        "http_req_blocked": {
            "min": 0,
            "med": 0.001,
            "p(95)": 0.002,
            "p(99)": 0.004,
            "max": 1.81,
            "avg": 0.0021153022860156794
        },
        "http_req_receiving": {
            "med": 0.018,
            "p(95)": 0.038,
            "p(99)": 0.071,
            "max": 1.491,
            "avg": 0.02107651143005984,
            "min": 0.007
        },
        "http_req_sending": {
            "med": 0.004,
            "p(95)": 0.008,
            "p(99)": 0.017,
            "max": 0.275,
            "avg": 0.0042084305277290904,
            "min": 0.001
        },
        "http_reqs": {
            "rate": 3640.0290111480945,
            "count": 72878
        },
        "http_req_tls_handshaking": {
            "avg": 0,
            "min": 0,
            "med": 0,
            "p(95)": 0,
            "p(99)": 0,
            "max": 0
        },
        "http_req_connecting": {
            "med": 0,
            "p(95)": 0,
            "p(99)": 0,
            "max": 1.721,
            "avg": 0.00106800406158237,
            "min": 0
        },
        "data_received": {
            "count": 21110589,
            "rate": 1054408.1396638744
        },
        "iteration_duration": {
            "max": 58.079167,
            "avg": 21.9614023917369,
            "min": 3.911625,
            "med": 21.726438,
            "p(95)": 23.75268125,
            "p(99)": 27.877704999999995
        },
        "http_req_waiting": {
            "avg": 21.90139671780245,
            "min": 2.499,
            "med": 21.668,
            "p(95)": 23.692149999999998,
            "p(99)": 27.777919999999998,
            "max": 58.005
        },
        "http_req_duration{expected_response:true}": {
            "p(99)": 27.81423,
            "max": 58.039,
            "avg": 21.92668165975985,
            "min": 2.582,
            "med": 21.693,
            "p(95)": 23.717
        },
        "iterations": {
            "count": 72878,
            "rate": 3640.0290111480945
        },
        "vus_max": {
            "min": 80,
            "max": 80,
            "value": 80
        },
        "vus": {
            "min": 80,
            "max": 80,
            "value": 80
        },
        "http_req_failed": {
            "passes": 0,
            "fails": 72878,
            "value": 0
        },
        "checks": {
            "passes": 145756,
            "fails": 0,
            "value": 1
        },
        "http_req_duration": {
            "avg": 21.92668165975985,
            "min": 2.582,
            "med": 21.693,
            "p(95)": 23.717,
            "p(99)": 27.81423,
            "max": 58.039
        },
        "data_sent": {
            "count": 6850532,
            "rate": 342162.72704792087
        }
    }
}