{
    "metrics": {
        "http_req_waiting": {
            "avg": 21.596677500981098,
            "min": 2.403,
            "med": 21.441,
            "p(95)": 23.221,
            "p(99)": 24.904,
            "max": 59.255
        },
        "vus_max": {
            "value": 80,
            "min": 80,
            "max": 80
        },
        "http_req_connecting": {
            "min": 0,
            "med": 0,
            "p(95)": 0,
            "p(99)": 0,
            "max": 2.461,
            "avg": 0.0015049999323419173
        },
        "http_req_blocked": {
            "p(99)": 0.004,
            "max": 2.483,
            "avg": 0.002544688163898801,
            "min": 0,
            "med": 0.001,
            "p(95)": 0.002
        },
        "http_req_tls_handshaking": {
            "avg": 0,
            "min": 0,
            "med": 0,
            "p(95)": 0,
            "p(99)": 0,
            "max": 0
        },
        "iterations": {
            "count": 73901,
            "rate": 3691.387589802777
        },
        "http_req_duration{expected_response:true}": {
            "min": 2.514,
            "med": 21.466,
            "p(95)": 23.248,
            "p(99)": 24.932,
            "max": 59.27,
            "avg": 21.621800774008506
        },
        "data_sent": {
            "count": 6946694,
            "rate": 346990.433441461
        },
        "http_req_receiving": {
            "p(95)": 0.037,
            "p(99)": 0.064,
            "max": 2.586,
            "avg": 0.020840868188520396,
            "min": 0.006,
            "med": 0.019
        },
        "data_received": {
            "count": 21406954,
            "rate": 1069286.8070943414
        },
        "http_reqs": {
            "count": 73901,
            "rate": 3691.387589802777
        },
        "http_req_sending": {
            "med": 0.004,
            "p(95)": 0.008,
            "p(99)": 0.017,
            "max": 0.808,
            "avg": 0.004282404838903767,
            "min": 0.001
        },
        "checks": {
            "passes": 147802,
            "fails": 0,
            "value": 1
        },
        "vus": {
            "value": 80,
            "min": 80,
            "max": 80
        },
        "http_req_duration": {
            "avg": 21.621800774008506,
            "min": 2.514,
            "med": 21.466,
            "p(95)": 23.248,
            "p(99)": 24.932,
            "max": 59.27
        },
        "http_req_failed": {
            "passes": 0,
            "fails": 73901,
            "value": 0
        },
        "iteration_duration": {
            "avg": 21.65622510419356,
            "min": 3.970292,
            "med": 21.498625,
            "p(95)": 23.286833,
            "p(99)": 24.985167,
            "max": 59.291625
        }
    },
    "root_group": {
        "groups": {},
        "checks": {
                "status is 200": {
                    "id": "6210a8cd14cd70477eba5c5e4cb3fb5f",
                    "passes": 73901,
                    "fails": 0,
                    "name": "status is 200",
                    "path": "::status is 200"
                },
                "has resourceType": {
                    "fails": 0,
                    "name": "has resourceType",
                    "path": "::has resourceType",
                    "id": "bd17397e2222b64cc65f0342d0ff7195",
                    "passes": 73901
                }
            },
        "name": "",
        "path": "",
        "id": "d41d8cd98f00b204e9800998ecf8427e"
    }
}