{
    "metrics": {
        "iteration_duration": {
            "med": 2.335041,
            "p(95)": 2.993208,
            "p(99)": 3.6061914299999973,
            "max": 25.617125,
            "avg": 2.457534773314454,
            "min": 0.628666
        },
        "iterations": {
            "count": 81280,
            "rate": 4063.449808895876
        },
        "http_req_waiting": {
            "p(95)": 2.931,
            "p(99)": 3.517,
            "max": 25.43,
            "avg": 2.40227491387798,
            "min": 0.271,
            "med": 2.281
        },
        "http_req_sending": {
            "p(99)": 0.017,
            "max": 2.273,
            "avg": 0.003832935531494347,
            "min": 0.001,
            "med": 0.003,
            "p(95)": 0.007
        },
        "vus_max": {
            "max": 10,
            "value": 10,
            "min": 10
        },
        "vus": {
            "value": 10,
            "min": 10,
            "max": 10
        },
        "http_req_connecting": {
            "avg": 0.00007535679133858268,
            "min": 0,
            "med": 0,
            "p(95)": 0,
            "p(99)": 0,
            "max": 1.074
        },
        "data_sent": {
            "count": 7640320,
            "rate": 381964.28203621233
        },
        "http_req_duration{expected_response:true}": {
            "avg": 2.4284358636811176,
            "min": 0.607,
            "med": 2.307,
            "p(95)": 2.96,
            "p(99)": 3.5564199999999984,
            "max": 25.504
        },
        "http_req_blocked": {
            "avg": 0.0011583292322842266,
            "min": 0,
            "med": 0.001,
            "p(95)": 0.002,
            "p(99)": 0.004,
            "max": 2.361
        },
        "data_received": {
            "count": 23543024,
            "rate": 1176991.8353054998
        },
        "http_req_failed": {
            "passes": 0,
            "fails": 81280,
            "value": 0
        },
        "http_reqs": {
            "count": 81280,
            "rate": 4063.449808895876
        },
        "http_req_duration": {
            "avg": 2.4284358636811176,
            "min": 0.607,
            "med": 2.307,
            "p(95)": 2.96,
            "p(99)": 3.5564199999999984,
            "max": 25.504
        },
        "http_req_tls_handshaking": {
            "p(95)": 0,
            "p(99)": 0,
            "max": 0,
            "avg": 0,
            "min": 0,
            "med": 0
        },
        "http_req_receiving": {
            "p(99)": 0.08920999999999928,
            "max": 5.681,
            "avg": 0.022328014271650536,
            "min": 0.007,
            "med": 0.019,
            "p(95)": 0.041
        },
        "checks": {
            "passes": 162560,
            "fails": 0,
            "value": 1
        }
    },
    "root_group": {
        "path": "",
        "id": "d41d8cd98f00b204e9800998ecf8427e",
        "groups": {},
        "checks": {
                "status is 200": {
                    "name": "status is 200",
                    "path": "::status is 200",
                    "id": "6210a8cd14cd70477eba5c5e4cb3fb5f",
                    "passes": 81280,
                    "fails": 0
                },
                "has resourceType": {
                    "passes": 81280,
                    "fails": 0,
                    "name": "has resourceType",
                    "path": "::has resourceType",
                    "id": "bd17397e2222b64cc65f0342d0ff7195"
                }
            },
        "name": ""
    }
}