{
    "root_group": {
        "path": "",
        "id": "d41d8cd98f00b204e9800998ecf8427e",
        "groups": {},
        "checks": {
                "status is 200": {
                    "name": "status is 200",
                    "path": "::status is 200",
                    "id": "6210a8cd14cd70477eba5c5e4cb3fb5f",
                    "passes": 79700,
                    "fails": 0
                },
                "has resourceType": {
                    "id": "bd17397e2222b64cc65f0342d0ff7195",
                    "passes": 79700,
                    "fails": 0,
                    "name": "has resourceType",
                    "path": "::has resourceType"
                }
            },
        "name": ""
    },
    "metrics": {
        "iterations": {
            "count": 79700,
            "rate": 3984.418673315563
        },
        "http_req_sending": {
            "max": 2.705,
            "avg": 0.0042484692597220125,
            "min": 0.001,
            "med": 0.003,
            "p(95)": 0.008,
            "p(99)": 0.02
        },
        "iteration_duration": {
            "avg": 2.5059516873776926,
            "min": 1.406375,
            "med": 2.3110204999999997,
            "p(95)": 3.256762499999999,
            "p(99)": 4.633452829999997,
            "max": 23.245833
        },
        "http_req_failed": {
            "passes": 0,
            "fails": 79700,
            "value": 0
        },
        "http_req_duration{expected_response:true}": {
            "p(99)": 4.55101,
            "max": 23.127,
            "avg": 2.473825696361343,
            "min": 0.888,
            "med": 2.278,
            "p(95)": 3.216
        },
        "data_sent": {
            "count": 7491800,
            "rate": 374535.3552916629
        },
        "vus_max": {
            "value": 10,
            "min": 10,
            "max": 10
        },
        "http_reqs": {
            "count": 79700,
            "rate": 3984.418673315563
        },
        "data_received": {
            "count": 23086608,
            "rate": 1154162.0077630673
        },
        "vus": {
            "value": 10,
            "min": 10,
            "max": 10
        },
        "http_req_blocked": {
            "avg": 0.0011989209535767703,
            "min": 0,
            "med": 0.001,
            "p(95)": 0.002,
            "p(99)": 0.005,
            "max": 5.27
        },
        "http_req_tls_handshaking": {
            "p(95)": 0,
            "p(99)": 0,
            "max": 0,
            "avg": 0,
            "min": 0,
            "med": 0
        },
        "http_req_receiving": {
            "min": 0.007,
            "med": 0.02,
            "p(95)": 0.044,
            "p(99)": 0.086,
            "max": 1.809,
            "avg": 0.02328851944792723
        },
        "checks": {
            "passes": 159400,
            "fails": 0,
            "value": 1
        },
        "http_req_connecting": {
            "p(99)": 0,
            "max": 0.502,
            "avg": 0.000055846925972396484,
            "min": 0,
            "med": 0,
            "p(95)": 0
        },
        "http_req_waiting": {
            "min": 0.634,
            "med": 2.249,
            "p(95)": 3.182,
            "p(99)": 4.508,
            "max": 22.997,
            "avg": 2.446288707653721
        },
        "http_req_duration": {
            "avg": 2.473825696361343,
            "min": 0.888,
            "med": 2.278,
            "p(95)": 3.216,
            "p(99)": 4.55101,
            "max": 23.127
        }
    }
}