{
    "metrics": {
        "iterations": {
            "count": 84146,
            "rate": 4203.557152711226
        },
        "http_reqs": {
            "count": 84146,
            "rate": 4203.557152711226
        },
        "http_req_sending": {
            "p(95)": 0.007,
            "p(99)": 0.013,
            "max": 0.567,
            "avg": 0.003843985453851895,
            "min": 0.001,
            "med": 0.003
        },
        "http_req_blocked": {
            "avg": 0.0018715803484453735,
            "min": 0,
            "med": 0.001,
            "p(95)": 0.002,
            "p(99)": 0.004,
            "max": 3.364
        },
        "http_req_tls_handshaking": {
            "p(95)": 0,
            "p(99)": 0,
            "max": 0,
            "avg": 0,
            "min": 0,
            "med": 0
        },
        "http_req_duration{expected_response:true}": {
            "med": 18.941,
            "p(95)": 20.07,
            "p(99)": 23.032849999999996,
            "max": 38.745,
            "avg": 18.986177631735437,
            "min": 2.998
        },
        "data_received": {
            "count": 24373699,
            "rate": 1217600.7982492389
        },
        "http_req_waiting": {
            "avg": 18.962345637344722,
            "min": 2.892,
            "med": 18.918,
            "p(95)": 20.044,
            "p(99)": 22.99655,
            "max": 38.707
        },
        "http_req_receiving": {
            "avg": 0.0199880089368446,
            "min": 0.007,
            "med": 0.018,
            "p(95)": 0.032,
            "p(99)": 0.062,
            "max": 3.025
        },
        "checks": {
            "passes": 168292,
            "fails": 0,
            "value": 1
        },
        "data_sent": {
            "count": 7909724,
            "rate": 395134.37235485524
        },
        "iteration_duration": {
            "avg": 19.017569730064444,
            "min": 3.832209,
            "med": 18.9703125,
            "p(95)": 20.1052395,
            "p(99)": 23.096637499999996,
            "max": 38.792916
        },
        "http_req_failed": {
            "fails": 84146,
            "passes": 0,
            "value": 0
        },
        "vus": {
            "min": 80,
            "max": 80,
            "value": 80
        },
        "vus_max": {
            "value": 80,
            "min": 80,
            "max": 80
        },
        "http_req_duration": {
            "p(99)": 23.032849999999996,
            "max": 38.745,
            "avg": 18.986177631735437,
            "min": 2.998,
            "med": 18.941,
            "p(95)": 20.07
        },
        "http_req_connecting": {
            "max": 1.04,
            "avg": 0.0007911130653863523,
            "min": 0,
            "med": 0,
            "p(95)": 0,
            "p(99)": 0
        }
    },
    "root_group": {
        "name": "",
        "path": "",
        "id": "d41d8cd98f00b204e9800998ecf8427e",
        "groups": {},
        "checks": {
                "status is 200": {
                    "name": "status is 200",
                    "path": "::status is 200",
                    "id": "6210a8cd14cd70477eba5c5e4cb3fb5f",
                    "passes": 84146,
                    "fails": 0
                },
                "has resourceType": {
                    "passes": 84146,
                    "fails": 0,
                    "name": "has resourceType",
                    "path": "::has resourceType",
                    "id": "bd17397e2222b64cc65f0342d0ff7195"
                }
            }
    }
}