{
    "root_group": {
        "id": "d41d8cd98f00b204e9800998ecf8427e",
        "groups": {},
        "checks": {
                "status is 200": {
                    "path": "::status is 200",
                    "id": "6210a8cd14cd70477eba5c5e4cb3fb5f",
                    "passes": 82082,
                    "fails": 0,
                    "name": "status is 200"
                },
                "has resourceType": {
                    "name": "has resourceType",
                    "path": "::has resourceType",
                    "id": "bd17397e2222b64cc65f0342d0ff7195",
                    "passes": 82082,
                    "fails": 0
                }
            },
        "name": "",
        "path": ""
    },
    "metrics": {
        "http_reqs": {
            "count": 82082,
            "rate": 4100.313565437997
        },
        "http_req_duration{expected_response:true}": {
            "avg": 19.466063253819048,
            "min": 2.504,
            "med": 19.204,
            "p(95)": 20.934,
            "p(99)": 27.16238,
            "max": 66.543
        },
        "checks": {
            "passes": 164164,
            "fails": 0,
            "value": 1
        },
        "data_received": {
            "rate": 1187702.5660653668,
            "count": 23775987
        },
        "http_req_sending": {
            "avg": 0.0039551302356156896,
            "min": 0.001,
            "med": 0.003,
            "p(95)": 0.007,
            "p(99)": 0.014,
            "max": 0.27
        },
        "http_req_tls_handshaking": {
            "p(95)": 0,
            "p(99)": 0,
            "max": 0,
            "avg": 0,
            "min": 0,
            "med": 0
        },
        "http_req_failed": {
            "passes": 0,
            "fails": 82082,
            "value": 0
        },
        "iteration_duration": {
            "med": 19.2338125,
            "p(95)": 20.97062085,
            "p(99)": 27.19980527,
            "max": 66.574458,
            "avg": 19.49864663579087,
            "min": 2.702208
        },
        "vus_max": {
            "value": 80,
            "min": 80,
            "max": 80
        },
        "http_req_duration": {
            "med": 19.204,
            "p(95)": 20.934,
            "p(99)": 27.16238,
            "max": 66.543,
            "avg": 19.466063253819048,
            "min": 2.504
        },
        "http_req_connecting": {
            "min": 0,
            "med": 0,
            "p(95)": 0,
            "p(99)": 0,
            "max": 1.81,
            "avg": 0.0013890499744158282
        },
        "http_req_waiting": {
            "p(99)": 27.13738,
            "max": 66.52,
            "avg": 19.442098389415513,
            "min": 2.129,
            "med": 19.18,
            "p(95)": 20.906
        },
        "data_sent": {
            "count": 7715708,
            "rate": 385429.4751511717
        },
        "http_req_blocked": {
            "med": 0.001,
            "p(95)": 0.002,
            "p(99)": 0.003,
            "max": 1.838,
            "avg": 0.0023380643746533773,
            "min": 0
        },
        "http_req_receiving": {
            "min": 0.007,
            "med": 0.018,
            "p(95)": 0.033,
            "p(99)": 0.062,
            "max": 0.856,
            "avg": 0.02000973416826896
        },
        "iterations": {
            "count": 82082,
            "rate": 4100.313565437997
        },
        "vus": {
            "value": 80,
            "min": 80,
            "max": 80
        }
    }
}