{
    "root_group": {
        "name": "",
        "path": "",
        "id": "d41d8cd98f00b204e9800998ecf8427e",
        "groups": {},
        "checks": {
                "status is 200": {
                    "fails": 0,
                    "name": "status is 200",
                    "path": "::status is 200",
                    "id": "6210a8cd14cd70477eba5c5e4cb3fb5f",
                    "passes": 62460
                },
                "has resourceType": {
                    "path": "::has resourceType",
                    "id": "bd17397e2222b64cc65f0342d0ff7195",
                    "passes": 62460,
                    "fails": 0,
                    "name": "has resourceType"
                }
            }
    },
    "metrics": {
        "http_req_connecting": {
            "p(95)": 0,
            "p(99)": 0,
            "max": 1.064,
            "avg": 0.0005604066602625681,
            "min": 0,
            "med": 0
        },
        "http_req_blocked": {
            "p(95)": 0.002,
            "p(99)": 0.004,
            "max": 1.676,
            "avg": 0.001916426512970931,
            "min": 0,
            "med": 0.001
        },
        "data_sent": {
            "count": 5871240,
            "rate": 390918.2047580611
        },
        "http_req_sending": {
            "avg": 0.0044808997758539896,
            "min": 0.001,
            "med": 0.004,
            "p(95)": 0.007,
            "p(99)": 0.017,
            "max": 1.316
        },
        "http_req_duration": {
            "med": 18.674,
            "p(95)": 22.293049999999997,
            "p(99)": 29.802459999999996,
            "max": 85.519,
            "avg": 19.186461159141825,
            "min": 2.275
        },
        "http_req_failed": {
            "passes": 0,
            "fails": 62460,
            "value": 0
        },
        "http_req_tls_handshaking": {
            "med": 0,
            "p(95)": 0,
            "p(99)": 0,
            "max": 0,
            "avg": 0,
            "min": 0
        },
        "checks": {
            "passes": 124920,
            "fails": 0,
            "value": 1
        },
        "http_req_duration{expected_response:true}": {
            "med": 18.674,
            "p(95)": 22.293049999999997,
            "p(99)": 29.802459999999996,
            "max": 85.519,
            "avg": 19.186461159141825,
            "min": 2.275
        },
        "http_req_waiting": {
            "avg": 19.161169772654066,
            "min": 1.996,
            "med": 18.65,
            "p(95)": 22.269099999999995,
            "p(99)": 29.76182,
            "max": 85.431
        },
        "vus": {
            "value": 80,
            "min": 80,
            "max": 80
        },
        "http_reqs": {
            "rate": 4158.704305936821,
            "count": 62460
        },
        "iterations": {
            "count": 62460,
            "rate": 4158.704305936821
        },
        "iteration_duration": {
            "avg": 19.21999252702541,
            "min": 2.953875,
            "med": 18.7056875,
            "p(95)": 22.328794349999995,
            "p(99)": 29.887152219999994,
            "max": 85.616417
        },
        "data_received": {
            "count": 18092882,
            "rate": 1204658.1216811845
        },
        "vus_max": {
            "max": 80,
            "value": 80,
            "min": 80
        },
        "http_req_receiving": {
            "p(99)": 0.072,
            "max": 1.427,
            "avg": 0.020810486711494595,
            "min": 0.007,
            "med": 0.018,
            "p(95)": 0.037
        }
    }
}