{
    "root_group": {
        "path": "",
        "id": "d41d8cd98f00b204e9800998ecf8427e",
        "groups": {},
        "checks": {
                "status is 200": {
                    "path": "::status is 200",
                    "id": "6210a8cd14cd70477eba5c5e4cb3fb5f",
                    "passes": 60023,
                    "fails": 0,
                    "name": "status is 200"
                },
                "has resourceType": {
                    "id": "bd17397e2222b64cc65f0342d0ff7195",
                    "passes": 60023,
                    "fails": 0,
                    "name": "has resourceType",
                    "path": "::has resourceType"
                }
            },
        "name": ""
    },
    "metrics": {
        "checks": {
            "passes": 120046,
            "fails": 0,
            "value": 1
        },
        "vus": {
            "value": 5,
            "min": 5,
            "max": 5
        },
        "http_req_duration{expected_response:true}": {
            "p(95)": 1.622,
            "p(99)": 2.1587799999999993,
            "max": 13.241,
            "avg": 1.2166920347200243,
            "min": 0.282,
            "med": 1.119
        },
        "http_req_connecting": {
            "avg": 0.000037352348266497845,
            "min": 0,
            "med": 0,
            "p(95)": 0,
            "p(99)": 0,
            "max": 0.469
        },
        "http_req_sending": {
            "avg": 0.003917248388116095,
            "min": 0.001,
            "med": 0.003,
            "p(95)": 0.008,
            "p(99)": 0.019,
            "max": 0.487
        },
        "http_reqs": {
            "count": 60023,
            "rate": 4001.288987952469
        },
        "data_sent": {
            "count": 5642162,
            "rate": 376121.1648675321
        },
        "vus_max": {
            "value": 5,
            "min": 5,
            "max": 5
        },
        "http_req_tls_handshaking": {
            "avg": 0,
            "min": 0,
            "med": 0,
            "p(95)": 0,
            "p(99)": 0,
            "max": 0
        },
        "http_req_receiving": {
            "min": 0.006,
            "med": 0.019,
            "p(95)": 0.041,
            "p(99)": 0.079,
            "max": 1.215,
            "avg": 0.022370008163535748
        },
        "iterations": {
            "count": 60023,
            "rate": 4001.288987952469
        },
        "http_req_duration": {
            "avg": 1.2166920347200243,
            "min": 0.282,
            "med": 1.119,
            "p(95)": 1.622,
            "p(99)": 2.1587799999999993,
            "max": 13.241
        },
        "http_req_waiting": {
            "p(95)": 1.592,
            "p(99)": 2.111559999999999,
            "max": 13.201,
            "avg": 1.1904047781683884,
            "min": 0.26,
            "med": 1.094
        },
        "http_req_failed": {
            "passes": 0,
            "fails": 60023,
            "value": 0
        },
        "http_req_blocked": {
            "avg": 0.0011245689152487685,
            "min": 0,
            "med": 0.001,
            "p(95)": 0.002,
            "p(99)": 0.004,
            "max": 0.992
        },
        "data_received": {
            "count": 17386477,
            "rate": 1159027.6887091429
        },
        "iteration_duration": {
            "min": 0.309417,
            "med": 1.144375,
            "p(95)": 1.659792,
            "p(99)": 2.2382699999999986,
            "max": 13.290375,
            "avg": 1.2462981586891766
        }
    }
}